Socioeconomic Score,Study Hours,Sleep Hours,Attendance (%),Grades
0.70141,7.2,9.5,53.0,53.0
0.63972,3.7,9.8,67.0,35.0
0.84244,6.6,8.5,51.0,57.0
0.81492,5.5,9.8,54.0,47.0
0.34588,5.4,8.2,68.0,38.0
0.41185,3.7,7.2,67.0,34.0
0.18073,5.2,8.6,60.0,37.0
0.65729,1.3,9.5,42.0,33.0
0.11231,3.0,9.7,44.0,33.0
0.33898,3.3,9.7,40.0,34.0
0.61045,3.6,7.4,71.0,34.0
0.45431,3.5,9.2,72.0,32.0
0.40247,7.7,8.3,59.0,53.0
0.1749,3.9,8.7,42.0,34.0
0.24446,8.6,6.0,95.0,58.0
0.284,5.3,8.6,65.0,38.0
0.99226,3.4,9.6,55.0,51.0
0.10385,8.0,8.7,63.0,54.0
0.15677,8.1,8.5,84.0,55.0
0.54869,3.9,9.4,63.0,33.0
0.719,3.8,7.0,49.0,34.0
0.98651,3.2,9.7,44.0,48.0
0.54871,3.8,9.2,43.0,32.0
0.19712,7.3,8.6,65.0,50.0
0.79418,4.0,8.0,45.0,37.0
0.65421,3.9,8.1,69.0,35.0
0.85433,3.3,9.7,50.0,36.0
0.65038,6.7,9.3,67.0,49.0
0.16808,8.1,8.8,72.0,55.0
0.92056,5.4,9.1,52.0,55.0
0.79153,4.4,5.3,54.0,34.0
0.36249,5.8,10.0,56.0,40.0
0.19902,3.7,8.6,72.0,34.0
0.77297,6.6,9.7,61.0,51.0
0.1121,3.8,8.3,77.0,34.0
0.40398,5.7,7.5,61.0,40.0
0.85273,3.9,9.0,55.0,41.0
0.99029,3.5,7.2,72.0,50.0
0.81835,3.7,9.9,62.0,35.0
0.83227,3.2,8.2,45.0,35.0
0.41638,6.3,7.3,71.0,44.0
0.35789,7.3,8.2,59.0,50.0
0.18247,5.8,9.4,64.0,41.0
0.8027,1.3,9.1,56.0,34.0
0.44597,1.2,8.3,45.0,34.0
0.4209,3.2,8.2,47.0,35.0
0.69322,3.6,9.5,68.0,33.0
0.58817,9.8,6.2,62.0,65.0
0.33917,3.9,8.7,63.0,34.0
0.14197,8.1,5.8,64.0,55.0
0.23531,2.7,7.8,46.0,34.0
0.75631,6.2,9.0,47.0,50.0
0.81167,1.7,8.3,45.0,35.0
0.37796,8.3,8.3,65.0,57.0
0.78309,3.8,8.5,68.0,34.0
0.70098,7.2,9.3,50.0,53.0
0.77209,8.8,6.8,69.0,61.0
0.29713,5.1,9.0,60.0,36.0
0.62982,3.3,9.0,49.0,33.0
0.52521,8.3,6.2,83.0,56.0
0.16793,6.5,9.0,61.0,46.0
0.78281,3.1,7.8,46.0,34.0
0.3399,3.4,6.2,49.0,34.0
0.34712,3.8,7.3,61.0,35.0
0.24784,8.4,5.4,86.0,57.0
0.97366,4.8,8.7,66.0,58.0
0.96483,3.9,7.1,84.0,47.0
0.87052,3.6,8.8,64.0,37.0
0.93454,6.6,9.1,57.0,62.0
0.77191,4.7,8.6,73.0,36.0
0.50854,5.4,8.9,71.0,39.0
0.10863,3.7,7.9,65.0,34.0
0.4324,3.6,9.2,62.0,34.0
0.81256,3.3,7.9,43.0,33.0
0.62325,3.5,7.2,55.0,33.0
0.58683,5.4,8.1,60.0,39.0
0.8606,1.9,9.5,53.0,32.0
0.57891,3.8,8.2,51.0,34.0
0.70479,6.3,8.6,57.0,47.0
0.23351,3.5,8.9,43.0,34.0
0.58362,3.1,7.9,46.0,33.0
0.58365,6.9,8.9,69.0,48.0
0.93181,3.4,9.9,41.0,46.0
0.31342,4.5,7.6,47.0,34.0
0.42548,3.9,9.3,68.0,33.0
0.31109,5.6,6.2,46.0,40.0
0.8517,3.7,9.3,50.0,40.0
0.39573,3.5,9.5,57.0,33.0
0.65214,3.7,5.3,59.0,34.0
0.74734,3.4,5.0,40.0,34.0
0.17185,5.1,8.2,68.0,37.0
0.19502,7.6,7.7,52.0,53.0
0.55288,6.8,8.4,50.0,47.0
0.84646,6.2,6.7,64.0,48.0
0.52146,3.2,6.8,43.0,36.0
0.34502,3.9,9.7,50.0,35.0
0.41819,3.9,7.6,63.0,34.0
0.60643,6.9,9.0,70.0,48.0
0.50453,7.1,9.6,42.0,50.0
0.31208,3.4,9.0,65.0,34.0
0.39414,3.6,8.6,54.0,33.0
0.78445,6.6,8.4,49.0,52.0
0.32549,3.6,8.6,46.0,33.0
0.27783,4.5,9.1,62.0,32.0
0.93699,6.1,8.5,57.0,59.0
0.57402,5.4,7.9,69.0,39.0
0.18952,4.9,5.8,70.0,36.0
0.39338,3.4,6.3,47.0,35.0
0.22673,3.9,8.8,58.0,33.0
0.47071,3.6,8.2,71.0,33.0
0.80829,3.3,9.3,46.0,34.0
0.84525,3.4,8.2,65.0,34.0
0.95774,3.8,8.4,76.0,47.0
0.16626,8.2,5.8,73.0,56.0
0.52822,3.5,8.4,46.0,34.0
0.72909,5.4,7.2,68.0,40.0
0.73301,1.9,9.5,73.0,35.0
0.33475,3.4,9.1,61.0,34.0
0.11581,3.2,8.2,54.0,34.0
0.34342,8.0,6.4,60.0,53.0
0.11731,5.6,8.5,75.0,40.0
0.1302,6.2,8.5,53.0,42.0
0.79679,8.2,5.9,75.0,58.0
0.86987,2.1,9.0,48.0,33.0
0.23174,2.3,7.2,62.0,34.0
0.4383,3.8,6.7,58.0,34.0
0.48911,3.6,5.6,50.0,33.0
0.80839,3.0,9.9,49.0,33.0
0.93487,1.4,8.0,47.0,34.0
0.33621,3.2,8.0,55.0,35.0
0.51286,4.1,9.8,47.0,34.0
0.35716,3.8,8.0,65.0,34.0
0.59165,3.5,8.3,54.0,33.0
0.70275,2.6,9.9,52.0,33.0
0.5411,5.1,8.9,57.0,38.0
0.97201,5.4,7.7,41.0,60.0
0.96094,4.4,8.4,73.0,51.0
0.90757,6.9,7.1,53.0,61.0
0.79157,6.8,6.4,65.0,49.0
0.28416,3.9,7.0,65.0,35.0
0.7737,3.8,6.0,56.0,35.0
0.49703,3.3,9.8,44.0,33.0
0.47728,3.9,8.2,66.0,34.0
0.20719,3.3,9.5,57.0,33.0
0.71599,7.4,8.2,48.0,54.0
0.46384,4.2,8.5,53.0,35.0
0.20737,3.3,5.8,41.0,36.0
0.52449,4.8,6.4,71.0,36.0
0.69114,5.7,9.2,73.0,42.0
0.61422,3.6,8.8,59.0,33.0
0.59102,4.0,7.1,73.0,34.0
0.38012,2.5,7.1,42.0,33.0
0.63014,3.9,9.5,58.0,35.0
0.51628,2.8,8.3,41.0,35.0
0.14946,6.4,8.2,72.0,45.0
0.20105,3.2,6.7,44.0,33.0
0.49004,5.9,6.2,69.0,41.0
0.41297,3.9,7.5,75.0,34.0
0.71734,4.4,9.1,64.0,36.0
0.85566,3.2,5.9,55.0,35.0
0.39112,3.5,8.0,59.0,35.0
0.52544,5.1,9.4,88.0,36.0
0.66717,6.2,8.8,51.0,46.0
0.1848,5.8,8.2,51.0,41.0
0.25936,3.2,8.2,47.0,34.0
0.47019,6.3,9.2,46.0,45.0
0.69295,2.0,9.2,54.0,34.0
0.21627,3.3,9.3,55.0,34.0
0.11138,6.8,9.1,57.0,45.0
0.28434,3.7,9.3,68.0,34.0
0.37656,1.2,9.2,51.0,35.0
0.52232,7.7,6.0,59.0,52.0
0.42543,3.5,6.9,54.0,34.0
0.92893,5.4,8.2,46.0,57.0
0.56445,4.4,9.5,66.0,34.0
0.98493,2.8,5.4,62.0,44.0
0.89973,4.0,7.1,70.0,38.0
0.97637,1.2,8.7,60.0,35.0
0.19297,6.9,7.8,50.0,46.0
0.26665,6.9,8.1,57.0,47.0
0.37412,4.1,8.0,65.0,35.0
0.56648,7.9,8.1,63.0,54.0
0.58556,3.6,8.8,59.0,35.0
0.79736,3.1,6.5,54.0,34.0
0.74728,2.9,7.7,58.0,33.0
0.28384,7.0,8.4,59.0,48.0
0.84957,1.7,9.4,52.0,34.0
0.45475,6.5,9.7,75.0,45.0
0.51029,3.4,10.0,43.0,32.0
0.45895,7.4,9.4,41.0,51.0
0.39719,6.9,9.6,57.0,48.0
0.6089,5.5,7.5,61.0,38.0
0.88767,4.2,9.6,59.0,44.0
0.84444,7.0,8.3,65.0,55.0
0.16605,2.8,8.3,45.0,34.0
0.21483,4.0,6.1,75.0,35.0
0.19945,3.9,9.0,66.0,34.0
0.75452,6.2,8.0,64.0,47.0
0.34921,3.5,9.4,41.0,35.0
0.79696,6.1,8.3,63.0,48.0
0.91607,2.1,7.9,56.0,33.0
0.47036,3.6,9.0,68.0,35.0
0.1086,3.3,9.1,44.0,33.0
0.57224,3.3,8.1,51.0,34.0
0.26802,2.5,9.3,46.0,33.0
0.85633,6.0,8.4,58.0,51.0
0.42473,3.5,8.6,67.0,34.0
0.42887,1.0,8.2,48.0,34.0
0.60515,3.7,5.9,71.0,34.0
0.70538,3.6,8.6,63.0,33.0
0.55412,3.9,6.3,51.0,35.0
0.19771,7.7,7.5,49.0,51.0
0.15873,1.7,8.8,46.0,34.0
0.32597,4.7,9.7,43.0,33.0
0.48943,3.7,7.2,69.0,32.0
0.8525,3.8,8.8,73.0,35.0
0.18332,3.2,9.2,45.0,34.0
0.41945,3.5,9.9,58.0,34.0
0.43513,3.2,6.3,41.0,34.0
0.25735,5.7,9.8,46.0,41.0
0.71946,3.3,8.6,50.0,33.0
0.92587,4.6,9.1,55.0,50.0
0.14612,8.8,7.6,93.0,59.0
0.5816,7.5,7.3,61.0,52.0
0.89805,3.1,8.2,50.0,39.0
0.45146,7.8,6.1,55.0,53.0
0.28471,5.7,5.6,58.0,39.0
0.86388,7.4,9.6,48.0,62.0
0.85153,5.4,7.4,62.0,44.0
0.36833,3.8,9.7,70.0,34.0
0.69492,8.2,8.5,83.0,58.0
0.23347,3.7,8.7,57.0,34.0
0.10729,3.1,9.2,64.0,35.0
0.13239,4.2,9.7,61.0,34.0
0.43929,6.1,8.1,42.0,44.0
0.64748,7.5,8.5,77.0,52.0
0.54643,3.4,8.7,48.0,33.0
0.79212,0.9,8.3,50.0,33.0
0.2528,4.0,9.7,66.0,34.0
0.16318,3.8,9.0,72.0,36.0
0.23753,8.8,8.2,80.0,59.0
0.68742,3.1,9.4,46.0,36.0
0.78475,3.8,9.0,70.0,34.0
0.29157,6.4,6.2,61.0,44.0
0.62307,3.2,5.8,43.0,34.0
0.95822,3.4,8.2,53.0,47.0
0.8242,3.9,9.8,60.0,38.0
0.88559,3.6,7.0,66.0,36.0
0.376,4.5,8.2,47.0,33.0
0.26296,2.6,8.1,47.0,35.0
0.98345,3.5,6.8,56.0,50.0
0.64097,7.1,6.2,59.0,48.0
0.2511,3.6,8.8,53.0,33.0
0.27364,3.2,5.3,52.0,34.0
0.9525,2.9,9.3,40.0,45.0
0.60836,3.4,9.0,43.0,34.0
0.81689,1.1,8.9,43.0,34.0
0.92966,5.0,8.9,57.0,53.0
0.60447,3.8,10.0,75.0,33.0
0.41671,6.8,7.4,78.0,47.0
0.25796,4.9,10.0,53.0,35.0
0.49081,4.5,8.6,47.0,34.0
0.56777,3.0,5.7,58.0,34.0
0.60562,9.3,5.5,83.0,63.0
0.42512,7.3,8.8,67.0,51.0
0.53173,6.9,9.6,64.0,47.0
0.59071,3.6,8.3,60.0,33.0
0.50944,4.4,5.7,58.0,34.0
0.91857,4.0,9.2,55.0,46.0
0.96542,5.7,8.9,67.0,62.0
0.94631,1.8,8.2,48.0,35.0
0.29037,2.6,8.0,49.0,36.0
0.52726,2.8,6.8,43.0,34.0
0.25429,3.5,9.4,57.0,34.0
0.20891,6.3,9.7,78.0,44.0
0.22655,7.7,5.6,53.0,52.0
0.58119,3.7,9.7,79.0,35.0
0.48469,7.1,9.5,59.0,51.0
0.4114,5.3,9.2,75.0,37.0
0.71511,6.1,9.1,55.0,46.0
0.9606,6.1,5.4,45.0,62.0
0.29163,3.4,9.2,44.0,35.0
0.98884,3.0,10.0,40.0,49.0
0.68414,6.0,8.8,49.0,46.0
0.26423,4.3,8.0,66.0,35.0
0.8593,3.4,8.8,52.0,36.0
0.71956,6.0,9.6,79.0,44.0
0.77921,3.7,9.0,57.0,35.0
0.15862,1.7,9.5,42.0,33.0
0.51628,3.9,9.1,43.0,35.0
0.88105,5.3,8.7,47.0,50.0
0.92323,3.9,9.8,69.0,46.0
0.64873,3.6,10.0,66.0,33.0
0.68057,7.6,6.3,66.0,52.0
0.42233,3.6,8.8,54.0,34.0
0.15977,1.0,7.2,46.0,34.0
0.46811,3.8,7.8,61.0,35.0
0.56499,3.9,5.3,63.0,35.0
0.801,5.1,7.5,62.0,41.0
0.2531,7.3,7.7,46.0,50.0
0.65504,3.4,6.4,41.0,34.0
0.15503,5.0,9.3,55.0,37.0
0.97943,3.1,8.7,40.0,48.0
0.12899,2.2,8.2,51.0,33.0
0.56597,3.6,6.1,62.0,34.0
0.49266,3.3,9.0,56.0,35.0
0.85223,4.9,4.8,53.0,40.0
0.95874,4.2,8.8,62.0,50.0
0.44992,2.3,8.5,46.0,34.0
0.60215,3.2,6.6,45.0,34.0
0.60266,2.4,7.6,47.0,34.0
0.47336,3.5,7.3,61.0,34.0
0.62659,3.6,5.5,60.0,33.0
0.18915,5.5,5.5,54.0,38.0
0.25368,5.0,8.7,58.0,36.0
0.31902,3.8,8.4,63.0,34.0
0.18435,5.6,5.2,52.0,40.0
0.83476,8.3,7.2,98.0,59.0
0.56989,6.1,9.5,56.0,43.0
0.93575,3.8,7.4,50.0,48.0
0.3331,5.9,8.8,66.0,42.0
0.59765,3.2,9.6,52.0,35.0
0.66459,6.9,6.2,55.0,48.0
0.93764,3.9,8.0,69.0,44.0
0.96301,4.1,9.0,47.0,53.0
0.84254,2.6,8.9,48.0,33.0
0.10696,4.1,8.9,68.0,35.0
0.87387,2.3,5.3,59.0,33.0
0.63837,7.5,8.4,51.0,52.0
0.26645,3.1,8.9,46.0,34.0
0.17869,2.8,6.7,49.0,33.0
0.20786,7.8,8.5,40.0,53.0
0.13906,3.6,8.7,62.0,33.0
0.31144,6.0,8.7,82.0,42.0
0.68895,3.8,9.6,69.0,35.0
0.79264,3.8,6.2,57.0,33.0
0.85199,3.0,6.2,52.0,34.0
0.87604,6.2,9.9,47.0,57.0
0.13207,7.6,6.3,59.0,53.0
0.34456,3.8,8.2,57.0,34.0
0.15996,3.3,9.8,50.0,34.0
0.95116,5.8,9.0,53.0,61.0
0.88278,9.2,5.2,45.0,70.0
0.80835,3.5,9.3,45.0,36.0
0.53825,4.1,8.7,72.0,33.0
0.74132,8.4,7.5,80.0,58.0
0.36296,3.6,6.2,47.0,33.0
0.85083,6.1,7.0,60.0,48.0
0.44953,3.9,6.5,74.0,35.0
0.23071,3.1,6.8,41.0,34.0
0.81023,3.3,8.9,53.0,35.0
0.25321,3.8,8.4,75.0,35.0
0.46419,3.6,9.1,77.0,33.0
0.74933,3.1,9.6,47.0,35.0
0.57926,6.3,8.5,71.0,44.0
0.73783,3.7,5.2,60.0,35.0
0.71116,2.2,9.1,50.0,35.0
0.7452,5.9,8.4,78.0,42.0
0.15699,8.8,6.0,70.0,58.0
0.6514,3.6,6.8,59.0,35.0
0.88336,6.3,7.3,60.0,53.0
0.83227,4.0,6.5,51.0,36.0
0.66833,4.1,6.6,51.0,34.0
0.75672,1.6,8.2,40.0,34.0
0.6882,4.0,6.0,66.0,34.0
0.30803,6.6,5.1,59.0,47.0
0.32401,8.0,7.9,76.0,54.0
0.83306,5.0,7.6,64.0,40.0
0.83529,2.9,5.3,45.0,33.0
0.73467,3.5,9.7,43.0,35.0
0.6213,3.4,9.1,43.0,34.0
0.77991,7.2,9.7,69.0,53.0
0.22528,4.0,9.8,64.0,33.0
0.43684,4.0,9.3,64.0,34.0
0.32471,3.6,8.7,68.0,35.0
0.45163,4.2,9.3,49.0,34.0
0.55112,5.8,7.6,71.0,40.0
0.14127,3.9,9.1,60.0,33.0
0.81995,3.6,5.7,79.0,34.0
0.35364,3.3,9.9,40.0,33.0
0.78173,7.3,5.1,57.0,51.0
0.89312,3.2,8.7,41.0,41.0
0.46013,3.8,8.7,51.0,35.0
0.27332,6.1,8.9,53.0,43.0
0.84508,5.5,8.9,47.0,50.0
0.24728,3.7,8.2,43.0,35.0
0.84657,6.7,9.4,47.0,57.0
0.99847,3.7,8.1,51.0,54.0
0.35995,3.0,9.8,44.0,34.0
0.79003,4.8,8.6,67.0,39.0
0.60886,7.9,5.1,44.0,55.0
0.47785,5.3,8.2,51.0,39.0
0.71884,3.6,9.5,72.0,35.0
0.15744,3.6,7.9,52.0,35.0
0.51212,3.5,9.0,57.0,33.0
0.98622,4.3,8.0,61.0,55.0
0.18535,7.7,8.8,83.0,52.0
0.44034,3.5,8.3,56.0,34.0
0.80128,2.7,5.5,51.0,34.0
0.46855,6.6,8.7,64.0,45.0
0.84549,3.6,10.0,57.0,38.0
0.427,3.8,8.4,50.0,34.0
0.13583,5.1,9.6,48.0,37.0
0.95218,7.9,8.4,58.0,72.0
0.3619,4.2,8.2,83.0,34.0
0.31145,1.8,9.9,46.0,33.0
0.56106,3.2,9.6,40.0,35.0
0.16974,4.2,9.3,53.0,35.0
0.48641,3.7,9.4,66.0,35.0
0.57661,7.3,7.6,53.0,50.0
0.48282,8.6,6.2,93.0,58.0
0.41383,3.9,7.9,72.0,34.0
0.7258,3.6,7.4,57.0,33.0
0.5717,2.3,8.8,43.0,35.0
0.35115,8.1,8.2,92.0,53.0
0.27856,5.6,9.8,47.0,39.0
0.79602,7.6,7.5,59.0,55.0
0.32755,6.7,6.9,75.0,45.0
0.60173,3.0,8.0,45.0,35.0
0.77435,7.0,8.4,55.0,52.0
0.66768,4.8,5.4,55.0,35.0
0.18544,3.2,6.9,55.0,33.0
0.42078,3.9,8.4,69.0,33.0
0.42741,4.8,9.1,75.0,35.0
0.49205,1.0,8.5,52.0,32.0
0.65211,3.6,7.3,54.0,34.0
0.81153,3.9,9.7,62.0,36.0
0.28384,7.6,8.5,57.0,51.0
0.16504,6.2,7.5,56.0,43.0
0.26608,3.5,9.4,68.0,33.0
0.16449,7.0,9.0,65.0,50.0
0.7575,3.8,9.6,69.0,35.0
0.66545,6.8,8.2,56.0,48.0
0.57167,4.7,8.4,52.0,35.0
0.75217,7.3,6.2,79.0,50.0
0.13291,3.6,8.2,56.0,35.0
0.94074,8.6,7.7,81.0,73.0
0.49003,3.5,5.6,60.0,34.0
0.42154,3.9,9.4,72.0,34.0
0.87278,3.9,5.1,63.0,34.0
0.46541,3.8,8.4,69.0,33.0
0.5214,8.3,6.6,60.0,56.0
0.93404,2.7,5.9,44.0,40.0
0.25521,7.8,7.9,60.0,53.0
0.26702,0.8,8.3,49.0,33.0
0.89453,1.2,7.8,57.0,35.0
0.67845,5.3,8.4,49.0,41.0
0.7204,7.3,7.6,45.0,55.0
0.25436,3.5,8.6,51.0,34.0
0.20257,7.1,5.3,77.0,49.0
0.78289,3.0,6.7,52.0,33.0
0.4666,5.4,8.8,67.0,39.0
0.42533,3.6,8.4,51.0,33.0
0.9612,4.0,8.9,56.0,50.0
0.26731,4.0,8.8,65.0,33.0
0.46497,3.8,8.3,41.0,34.0
0.59997,3.6,5.8,57.0,34.0
0.42805,3.3,8.3,47.0,33.0
0.53167,6.2,8.2,66.0,44.0
0.74102,5.7,7.1,56.0,41.0
0.36127,3.6,8.3,58.0,32.0
0.56037,3.5,9.0,56.0,34.0
0.97759,5.0,8.3,75.0,57.0
0.86457,3.8,7.4,67.0,37.0
0.78472,1.5,10.0,46.0,34.0
0.22624,3.6,9.9,63.0,34.0
0.25171,4.1,9.3,57.0,33.0
0.58349,3.7,6.8,78.0,34.0
0.26803,1.4,8.8,50.0,33.0
0.80265,0.8,8.0,41.0,34.0
0.55376,7.4,8.2,82.0,50.0
0.65674,8.8,5.4,98.0,58.0
0.13645,9.3,7.4,86.0,63.0
0.34515,1.2,8.7,47.0,35.0
0.71455,3.0,8.9,54.0,33.0
0.5582,7.6,9.0,59.0,53.0
0.36807,3.1,8.5,43.0,34.0
0.49942,4.3,9.0,63.0,33.0
0.31483,5.9,6.9,63.0,41.0
0.4928,3.6,6.3,42.0,34.0
0.52029,5.8,8.5,51.0,42.0
0.6912,4.6,8.4,61.0,34.0
0.89883,7.7,8.3,64.0,63.0
0.70906,5.7,9.6,63.0,42.0
0.1361,6.5,9.4,50.0,46.0
0.51086,4.7,5.2,41.0,35.0
0.30115,3.5,6.4,61.0,32.0
0.26158,6.7,6.3,63.0,46.0
0.374,3.1,5.5,47.0,33.0
0.14172,3.8,9.4,47.0,33.0
0.45292,2.2,9.6,46.0,34.0
0.12252,1.6,10.0,43.0,34.0
0.93925,6.0,9.8,51.0,60.0
0.27348,3.3,9.9,41.0,34.0
0.87582,3.8,8.9,53.0,41.0
0.80003,3.6,8.3,58.0,34.0
0.41039,5.2,7.4,66.0,38.0
0.68821,0.8,8.0,46.0,34.0
0.58595,9.3,6.8,59.0,62.0
0.9832,3.4,9.0,47.0,51.0
0.75988,7.6,8.6,46.0,59.0
0.52339,4.4,7.5,69.0,34.0
0.22579,5.1,8.9,56.0,37.0
0.68809,3.6,8.7,69.0,34.0
0.8657,1.4,10.0,55.0,35.0
0.34605,4.8,8.1,59.0,35.0
0.4485,3.0,6.2,61.0,35.0
0.42434,6.7,5.7,56.0,47.0
0.74071,6.9,6.5,69.0,50.0
0.14907,6.8,8.9,56.0,47.0
0.26428,4.5,9.0,63.0,35.0
0.93496,3.6,9.5,68.0,44.0
0.48684,6.9,9.4,69.0,47.0
0.32033,8.1,6.2,46.0,55.0
0.63968,6.7,10.0,55.0,48.0
0.44467,2.9,9.4,59.0,34.0
0.99151,3.6,8.8,66.0,52.0
0.44252,1.2,9.9,46.0,34.0
0.41469,5.6,8.1,65.0,40.0
0.52632,3.5,9.5,50.0,34.0
0.85221,4.2,8.2,48.0,42.0
0.71362,3.2,9.1,40.0,33.0
0.27574,5.9,8.1,45.0,43.0
0.43522,3.7,5.8,57.0,34.0
0.86861,3.1,8.3,49.0,38.0
0.90401,3.8,8.0,58.0,41.0
0.24097,1.0,8.6,67.0,35.0
0.28458,6.4,6.0,66.0,46.0
0.96287,3.4,6.4,46.0,46.0
0.51957,4.3,9.9,46.0,35.0
0.33131,9.8,5.1,83.0,65.0
0.79004,7.8,9.0,47.0,61.0
0.66417,3.6,8.1,54.0,35.0
0.26555,6.9,5.4,58.0,46.0
0.62507,3.7,6.6,51.0,34.0
0.32883,5.2,6.0,55.0,36.0
0.96839,3.9,5.0,50.0,50.0
0.86693,3.2,5.4,40.0,34.0
0.14685,4.2,9.7,55.0,35.0
0.56963,3.6,9.4,43.0,34.0
0.72515,3.4,9.6,71.0,33.0
0.61358,4.6,9.0,61.0,34.0
0.89632,3.2,9.0,46.0,40.0
0.88066,8.8,5.4,64.0,63.0
0.25339,3.7,5.2,71.0,34.0
0.67545,6.3,9.4,63.0,45.0
0.87006,6.7,9.5,55.0,56.0
0.48117,4.0,9.6,52.0,34.0
0.83541,3.1,8.6,51.0,35.0
0.92373,6.2,6.9,71.0,55.0
0.4109,3.9,5.6,49.0,34.0
0.13744,4.4,6.3,71.0,33.0
0.84803,3.2,8.5,50.0,36.0
0.74427,8.6,7.4,100.0,58.0
0.35095,3.0,7.1,42.0,34.0
0.94013,4.9,9.8,70.0,53.0
0.15578,3.4,9.5,49.0,33.0
0.92397,7.9,8.0,61.0,69.0
0.96394,2.0,9.5,48.0,40.0
0.63635,3.8,7.9,73.0,35.0
0.81044,5.1,8.9,77.0,42.0
0.40407,6.2,9.6,58.0,43.0
0.97715,3.9,5.7,48.0,51.0
0.57999,3.8,9.1,64.0,34.0
0.71998,6.2,9.6,70.0,45.0
0.32681,3.8,5.2,48.0,33.0
0.62198,2.8,6.5,40.0,34.0
0.68935,4.2,7.8,72.0,33.0
0.89307,3.0,8.5,85.0,35.0
0.30339,3.6,8.2,66.0,33.0
0.26334,3.3,5.9,42.0,34.0
0.98373,3.3,8.6,45.0,50.0
0.70085,4.9,9.8,46.0,40.0
0.25274,3.5,5.4,67.0,34.0
0.87565,3.6,8.9,41.0,42.0
0.53721,1.9,8.5,44.0,34.0
0.19253,5.3,6.0,54.0,39.0
0.65879,7.6,5.6,62.0,51.0
0.96936,3.8,8.7,55.0,50.0
0.36255,3.6,8.8,64.0,35.0
0.32816,3.9,8.2,61.0,35.0
0.9499,8.1,8.5,84.0,70.0
0.59585,4.0,8.0,63.0,34.0
0.77758,0.8,7.4,54.0,34.0
0.86616,6.0,8.8,76.0,50.0
0.41176,5.3,9.4,77.0,37.0
0.27347,4.0,8.2,57.0,35.0
0.99353,3.9,8.9,49.0,54.0
0.97799,1.1,9.5,47.0,37.0
0.68059,3.7,9.0,49.0,34.0
0.95942,4.8,8.9,59.0,54.0
0.73144,6.3,7.1,65.0,46.0
0.30441,4.5,8.6,65.0,34.0
0.21622,3.9,6.6,55.0,34.0
0.40172,3.6,9.7,51.0,34.0
0.13622,7.0,9.7,62.0,47.0
0.69174,3.3,5.6,57.0,35.0
0.16671,2.8,9.9,58.0,35.0
0.29552,5.5,9.8,78.0,39.0
0.11737,0.8,5.1,55.0,34.0
0.88929,2.2,6.6,52.0,34.0
0.14733,5.0,6.8,67.0,36.0
0.37376,4.0,8.2,63.0,33.0
0.60571,6.0,9.0,61.0,44.0
0.94157,7.1,9.2,68.0,66.0
0.1545,3.7,9.1,63.0,34.0
0.25068,3.3,7.8,40.0,33.0
0.88527,3.0,7.9,44.0,38.0
0.2235,4.5,8.1,54.0,34.0
0.54035,3.6,8.2,74.0,34.0
0.16781,3.8,9.2,74.0,35.0
0.50688,5.4,8.3,60.0,39.0
0.77535,4.1,8.4,52.0,37.0
0.42048,3.0,9.8,53.0,34.0
0.72743,5.7,8.0,69.0,41.0
0.87466,3.7,9.0,50.0,42.0
0.92557,3.8,9.8,47.0,47.0
0.87614,3.5,8.3,55.0,39.0
0.60649,6.9,5.6,60.0,48.0
0.96587,3.6,8.3,72.0,47.0
0.29794,3.7,5.1,55.0,34.0
0.64124,2.9,5.7,60.0,35.0
0.29349,3.7,9.8,66.0,34.0
0.1903,4.2,5.3,50.0,33.0
0.56512,3.7,9.6,52.0,34.0
0.31739,3.6,8.6,55.0,33.0
0.21435,6.7,6.5,70.0,47.0
0.18389,3.0,8.1,42.0,35.0
0.17535,3.9,6.1,61.0,34.0
0.75318,3.5,9.7,51.0,35.0
0.26186,6.7,8.3,55.0,47.0
0.30804,8.0,8.1,64.0,54.0
0.11046,1.4,6.4,46.0,33.0
0.37775,4.2,8.9,62.0,36.0
0.61793,5.1,7.8,60.0,37.0
0.16542,3.8,9.1,55.0,35.0
0.48365,9.5,6.0,74.0,63.0
0.60975,5.3,8.8,51.0,39.0
0.56257,6.0,9.6,64.0,42.0
0.96087,3.6,9.6,52.0,50.0
0.86746,6.5,8.8,40.0,59.0
0.21448,4.8,8.5,52.0,35.0
0.85567,3.3,8.0,52.0,36.0
0.82264,4.8,9.7,76.0,41.0
0.14042,3.7,9.6,81.0,33.0
0.43442,3.4,9.6,49.0,34.0
0.26843,3.6,8.6,58.0,34.0
0.86313,3.5,9.9,48.0,39.0
0.3039,6.5,7.4,57.0,45.0
0.5882,8.8,5.1,72.0,60.0
0.45987,3.6,7.0,55.0,34.0
0.9453,3.1,9.6,49.0,44.0
0.86138,9.7,6.1,89.0,67.0
0.48222,6.6,9.3,81.0,46.0
0.32819,5.0,9.1,56.0,36.0
0.6213,1.4,9.6,42.0,34.0
0.25286,4.9,7.6,51.0,35.0
0.76455,8.4,7.0,52.0,60.0
0.26822,3.7,6.8,84.0,34.0
0.39548,7.5,6.4,68.0,52.0
0.60177,6.2,7.7,70.0,44.0
0.49896,7.6,6.6,60.0,51.0
0.8447,3.4,8.5,43.0,38.0
0.67982,4.1,7.6,75.0,34.0
0.67146,3.6,9.2,77.0,35.0
0.79582,7.9,8.4,51.0,60.0
0.54012,3.0,9.0,52.0,32.0
0.52466,4.9,6.5,63.0,37.0
0.29544,5.9,6.6,60.0,40.0
0.48764,1.5,6.6,44.0,34.0
0.16174,9.4,6.6,67.0,62.0
0.40478,7.7,9.0,59.0,51.0
0.37128,3.7,9.2,80.0,33.0
0.70295,3.6,9.8,45.0,33.0
0.69354,1.5,6.3,52.0,35.0
0.53375,3.7,6.9,51.0,33.0
0.62773,3.6,9.5,51.0,34.0
0.60013,2.1,8.8,48.0,33.0
0.99236,3.7,8.0,46.0,53.0
0.40629,3.9,9.3,71.0,34.0
0.30447,3.5,6.9,60.0,35.0
0.52618,3.0,5.7,62.0,34.0
0.82338,5.0,9.8,55.0,45.0
0.82269,5.1,8.3,53.0,45.0
0.82646,3.7,5.3,70.0,34.0
0.58405,3.5,9.9,55.0,35.0
0.73622,1.1,8.2,45.0,34.0
0.62301,5.1,6.3,56.0,38.0
0.4232,3.5,8.5,53.0,35.0
0.72427,3.6,8.4,69.0,34.0
0.45563,3.7,8.7,44.0,32.0
0.2878,3.8,8.3,53.0,35.0
0.56146,3.4,9.8,44.0,34.0
0.65607,3.5,8.3,48.0,34.0
0.99142,3.8,8.4,72.0,52.0
0.8255,3.8,7.4,65.0,33.0
0.39212,4.2,8.5,49.0,34.0
0.51793,4.1,5.1,75.0,34.0
0.61194,3.1,9.0,59.0,35.0
0.56145,7.4,8.0,46.0,52.0
0.83194,3.5,9.3,73.0,34.0
0.36584,4.1,10.0,69.0,35.0
0.2679,2.0,6.8,47.0,34.0
0.7215,7.2,9.2,60.0,53.0
0.2027,1.3,9.6,46.0,33.0
0.1152,5.0,8.1,78.0,35.0
0.76245,2.4,8.4,44.0,35.0
0.11789,3.3,8.7,45.0,34.0
0.81049,3.6,7.4,68.0,33.0
0.97654,3.7,9.9,51.0,51.0
0.28787,3.7,6.9,65.0,33.0
0.5497,1.2,5.8,48.0,34.0
0.98926,5.8,10.0,68.0,64.0
0.76749,3.5,7.9,65.0,34.0
0.38371,3.6,7.9,83.0,35.0
0.58451,7.1,8.0,87.0,50.0
0.40513,1.5,8.3,43.0,34.0
0.694,3.1,8.4,41.0,34.0
0.767,2.2,9.3,42.0,36.0
0.40864,3.8,9.4,45.0,33.0
0.75137,3.6,8.4,61.0,34.0
0.15794,1.4,7.1,47.0,34.0
0.1699,3.7,6.1,66.0,33.0
0.38692,3.9,5.1,64.0,35.0
0.23148,3.8,8.0,66.0,34.0
0.43372,3.7,8.1,68.0,34.0
0.42646,4.0,7.9,67.0,34.0
0.58693,6.5,9.3,81.0,46.0
0.4351,7.4,7.7,76.0,51.0
0.79123,8.8,5.9,92.0,61.0
0.26835,4.4,6.6,63.0,34.0
0.76374,6.4,6.5,51.0,48.0
0.5404,6.5,9.5,57.0,45.0
0.78595,7.0,9.1,61.0,53.0
0.98653,2.3,6.6,49.0,42.0
0.44118,7.3,8.0,60.0,49.0
0.62185,3.7,8.2,52.0,33.0
0.44035,6.9,9.0,70.0,48.0
0.96688,7.5,5.9,69.0,67.0
0.94017,6.9,9.1,49.0,65.0
0.69857,3.7,7.5,51.0,35.0
0.55153,3.6,6.8,65.0,33.0
0.30382,4.1,6.4,69.0,34.0
0.4819,5.2,5.0,51.0,37.0
0.94727,4.9,8.4,68.0,53.0
0.29659,4.0,8.7,54.0,33.0
0.56856,2.4,7.1,41.0,32.0
0.93792,3.7,7.1,58.0,43.0
0.88872,9.0,7.8,87.0,67.0
0.38632,3.5,5.5,55.0,35.0
0.19141,4.7,9.9,57.0,34.0
0.43429,4.8,6.1,57.0,34.0
0.7733,5.7,7.8,47.0,44.0
0.14396,3.8,9.8,78.0,34.0
0.56451,8.8,5.5,89.0,57.0
0.41563,3.6,5.9,60.0,32.0
0.36757,1.6,7.1,44.0,35.0
0.19887,2.9,5.4,42.0,33.0
0.23422,6.1,7.0,68.0,43.0
0.4808,5.8,8.6,51.0,41.0
0.132,10.0,6.2,48.0,66.0
0.2677,4.2,9.0,49.0,33.0
0.65157,3.3,5.5,45.0,35.0
0.89226,3.9,9.0,64.0,41.0
0.60281,3.6,5.1,48.0,33.0
0.87821,5.3,5.1,48.0,46.0
0.84802,5.2,8.5,48.0,47.0
0.59765,3.2,9.5,56.0,34.0
0.69077,3.4,6.6,54.0,35.0
0.68141,7.5,8.5,57.0,53.0
0.35344,7.2,7.0,71.0,50.0
0.57307,3.8,6.1,60.0,34.0
0.17377,0.9,8.5,50.0,35.0
0.56089,2.5,7.7,42.0,35.0
0.61693,3.6,8.7,67.0,34.0
0.43594,3.9,9.2,68.0,34.0
0.81692,3.7,8.9,66.0,34.0
0.34816,9.1,7.7,80.0,60.0
0.30774,3.8,8.4,64.0,34.0
0.349,3.2,9.3,45.0,35.0
0.49584,7.3,6.3,63.0,49.0
0.51997,1.1,8.8,44.0,34.0
0.36236,1.4,8.3,58.0,34.0
0.31732,2.5,9.8,41.0,34.0
0.39949,4.7,7.7,54.0,34.0
0.88879,5.1,8.2,61.0,47.0
0.21093,2.8,8.5,51.0,34.0
0.13639,3.8,7.0,51.0,33.0
0.16922,8.4,5.3,97.0,55.0
0.29508,3.0,9.1,42.0,35.0
0.82559,1.9,9.8,59.0,34.0
0.55111,3.6,8.0,56.0,33.0
0.94915,3.5,8.9,64.0,46.0
0.30028,2.0,9.2,45.0,34.0
0.48614,4.0,5.8,65.0,34.0
0.50205,6.9,8.6,60.0,47.0
0.48467,1.5,7.9,44.0,34.0
0.4798,1.3,7.1,51.0,35.0
0.96891,3.4,9.8,65.0,48.0
0.41329,3.7,8.9,65.0,34.0
0.84838,6.3,8.4,81.0,49.0
0.26572,2.0,8.8,58.0,35.0
0.13346,3.7,9.3,66.0,33.0
0.72802,3.4,9.2,46.0,35.0
0.37871,3.0,9.1,52.0,34.0
0.58933,6.0,6.7,56.0,41.0
0.81137,3.3,9.8,48.0,34.0
0.85287,2.2,8.9,47.0,34.0
0.89135,2.0,7.7,49.0,34.0
0.41245,4.0,8.3,60.0,34.0
0.98594,3.9,10.0,60.0,52.0
0.39939,3.6,9.1,61.0,35.0
0.88739,2.2,8.6,43.0,33.0
0.17179,2.8,8.7,50.0,35.0
0.47068,3.6,8.1,61.0,34.0
0.99402,6.2,8.4,66.0,67.0
0.88867,3.6,8.2,62.0,38.0
0.57186,5.3,6.2,56.0,37.0
0.2202,9.1,5.0,65.0,62.0
0.56329,5.1,8.7,79.0,37.0
0.56987,9.0,7.3,74.0,61.0
0.47861,5.1,9.4,46.0,36.0
0.27079,7.1,8.0,71.0,49.0
0.91536,6.3,6.7,45.0,59.0
0.6796,3.5,8.4,47.0,35.0
0.47705,3.8,5.2,68.0,34.0
0.58983,8.6,8.2,88.0,59.0
0.96756,4.2,9.2,65.0,51.0
0.5559,4.1,10.0,52.0,35.0
0.48421,7.3,8.4,68.0,49.0
0.84028,4.0,9.6,56.0,39.0
0.7647,5.6,9.0,73.0,43.0
0.59544,2.9,8.9,54.0,34.0
0.2835,3.0,9.0,42.0,33.0
0.47921,3.8,9.3,67.0,34.0
0.66422,7.2,6.4,48.0,51.0
0.82835,8.5,8.4,73.0,64.0
0.28024,3.6,9.4,50.0,33.0
0.6159,2.9,6.3,45.0,34.0
0.79142,3.8,9.0,47.0,35.0
0.37715,3.3,7.3,42.0,35.0
0.271,3.2,8.6,51.0,35.0
0.79244,3.3,9.2,46.0,35.0
0.51004,4.4,6.3,60.0,33.0
0.79231,8.3,5.9,79.0,58.0
0.34453,3.6,9.9,59.0,33.0
0.95197,4.0,9.5,49.0,50.0
0.46173,7.1,5.9,56.0,48.0
0.12592,6.3,6.5,68.0,43.0
0.39732,0.9,8.6,46.0,33.0
0.75877,8.2,7.0,94.0,57.0
0.83201,3.2,8.2,56.0,34.0
0.84829,4.3,6.8,66.0,37.0
0.20866,3.2,9.7,46.0,35.0
0.92339,4.9,8.2,69.0,49.0
0.8068,3.8,8.6,57.0,35.0
0.5395,3.6,6.3,59.0,33.0
0.36006,3.5,8.1,58.0,33.0
0.13714,1.6,9.2,58.0,33.0
0.93385,2.8,8.1,45.0,40.0
0.54143,4.6,8.5,60.0,34.0
0.56831,6.0,8.7,56.0,42.0
0.9842,4.6,9.1,44.0,58.0
0.45348,2.6,8.6,59.0,33.0
0.1897,5.4,7.4,63.0,39.0
0.13504,1.2,9.7,45.0,33.0
0.67886,3.5,9.7,63.0,34.0
0.45967,5.5,9.0,80.0,40.0
0.93347,3.4,8.8,49.0,44.0
0.76745,6.0,9.3,54.0,47.0
0.74755,4.0,6.4,54.0,33.0
0.26443,3.5,10.0,47.0,34.0
0.70947,4.0,6.8,53.0,34.0
0.12939,3.3,5.9,54.0,34.0
0.52157,6.3,8.7,65.0,45.0
0.46714,3.4,5.5,52.0,35.0
0.46406,5.5,8.2,83.0,41.0
0.89139,1.5,9.7,52.0,35.0
0.80167,5.6,9.7,67.0,45.0
0.82936,3.2,8.9,40.0,36.0
0.24505,3.9,8.4,72.0,34.0
0.2478,4.0,8.4,49.0,35.0
0.28078,1.3,8.7,49.0,34.0
0.55063,7.5,9.4,64.0,51.0
0.37963,7.5,7.0,43.0,50.0
0.8449,5.1,7.5,67.0,41.0
0.85543,3.1,8.6,52.0,37.0
0.48493,1.4,6.0,42.0,35.0
0.44637,8.1,8.5,72.0,54.0
0.82519,3.6,9.5,53.0,38.0
0.63677,3.7,8.1,65.0,34.0
0.55228,4.5,7.0,54.0,34.0
0.475,2.5,9.7,52.0,34.0
0.89948,3.5,9.8,69.0,40.0
0.37248,2.6,6.5,49.0,33.0
0.67852,5.5,5.4,51.0,39.0
0.62751,3.7,9.1,72.0,34.0
0.13263,6.1,6.4,83.0,43.0
0.88537,3.2,8.7,55.0,36.0
0.42228,3.8,8.2,61.0,34.0
0.46119,7.2,7.7,56.0,49.0
0.92835,4.0,6.5,63.0,44.0
0.73135,8.3,6.1,57.0,56.0
0.75142,3.8,10.0,69.0,33.0
0.46638,3.8,5.6,61.0,35.0
0.16471,6.9,8.9,58.0,49.0
0.46809,6.7,9.9,76.0,47.0
0.8993,4.0,8.1,58.0,42.0
0.33911,2.7,9.7,43.0,33.0
0.99528,6.0,9.4,70.0,67.0
0.33863,3.1,5.4,42.0,32.0
0.89252,2.7,9.2,51.0,35.0
0.57808,4.8,9.2,57.0,35.0
0.6163,5.5,9.2,51.0,41.0
0.45877,3.7,8.0,77.0,35.0
0.38288,3.5,9.3,62.0,34.0
0.90036,3.1,9.2,49.0,39.0
0.18782,3.6,5.7,55.0,33.0
0.62696,3.8,9.7,74.0,33.0
0.94165,3.8,6.1,55.0,45.0
0.84841,5.4,8.4,67.0,47.0
0.28328,3.9,8.6,55.0,34.0
0.17793,4.5,9.1,50.0,33.0
0.88198,4.1,8.9,67.0,41.0
0.18099,6.6,8.8,65.0,47.0
0.49114,7.9,8.4,64.0,52.0
0.54245,3.7,8.5,51.0,35.0
0.19315,7.6,5.8,64.0,50.0
0.2313,3.2,8.9,44.0,35.0
0.2199,3.7,9.3,62.0,35.0
0.72183,6.3,9.9,54.0,48.0
0.68842,2.6,6.6,58.0,33.0
0.31646,3.9,8.3,59.0,35.0
0.97484,3.6,8.1,58.0,50.0
0.77207,1.3,5.3,47.0,33.0
0.11831,3.6,9.3,72.0,33.0
0.50728,1.9,6.7,42.0,34.0
0.85183,6.5,9.3,57.0,54.0
0.76948,3.6,6.6,55.0,35.0
0.1703,5.6,6.4,78.0,40.0
0.92749,3.9,9.0,65.0,45.0
0.66755,7.1,8.1,45.0,51.0
0.71761,3.8,8.1,59.0,33.0
0.44591,4.3,5.9,68.0,35.0
0.64256,6.9,9.2,66.0,49.0
0.10128,3.8,9.7,70.0,35.0
0.17945,3.5,9.9,47.0,34.0
0.30176,2.9,6.3,41.0,34.0
0.59385,3.6,9.6,67.0,33.0
0.41962,4.2,5.9,73.0,34.0
0.86422,3.2,9.3,48.0,37.0
0.68025,3.2,9.3,41.0,32.0
0.48607,3.7,9.3,57.0,34.0
0.75689,2.9,8.2,55.0,34.0
0.63655,3.6,9.7,52.0,33.0
0.28849,0.9,8.5,41.0,35.0
0.44882,3.6,5.3,63.0,34.0
0.26777,3.4,6.9,46.0,34.0
0.87831,3.8,5.4,51.0,36.0
0.53705,7.5,8.3,71.0,52.0
0.78094,3.9,6.9,73.0,34.0
0.29812,3.8,9.5,61.0,34.0
0.89015,3.8,8.5,55.0,42.0
0.42062,3.8,9.4,61.0,34.0
0.12143,1.8,8.9,47.0,34.0
0.23717,3.8,8.6,62.0,34.0
0.50451,5.9,5.7,69.0,40.0
0.6064,3.6,9.8,59.0,34.0
0.28162,3.5,5.8,68.0,36.0
0.69035,5.0,8.9,57.0,38.0
0.47169,3.6,5.7,73.0,34.0
0.93904,3.9,9.5,62.0,46.0
0.52608,5.6,10.0,58.0,41.0
0.16263,4.6,9.4,71.0,34.0
0.13855,3.9,8.6,84.0,33.0
0.44955,3.8,5.7,59.0,34.0
0.93871,6.3,10.0,61.0,62.0
0.40154,4.0,10.0,79.0,33.0
0.76048,3.5,9.6,59.0,32.0
0.79114,1.3,8.2,54.0,34.0
0.9453,3.4,5.1,51.0,41.0
0.30734,3.5,7.9,49.0,34.0
0.9328,5.3,5.9,64.0,50.0
0.55008,5.3,8.1,74.0,37.0
0.63447,4.9,9.4,67.0,37.0
0.50693,1.4,9.7,49.0,35.0
0.49489,1.2,5.8,53.0,33.0
0.18357,3.4,8.6,56.0,35.0
0.1077,3.8,9.5,87.0,33.0
0.8022,3.7,6.3,57.0,34.0
0.53559,3.8,8.2,59.0,34.0
0.69165,5.9,9.3,62.0,44.0
0.24464,3.6,8.5,58.0,34.0
0.25465,5.6,4.9,52.0,38.0
0.99555,5.7,7.9,78.0,66.0
0.26142,3.8,9.8,67.0,33.0
0.81887,3.8,6.1,53.0,36.0
0.88884,3.2,6.3,50.0,35.0
0.22667,7.3,8.0,60.0,49.0
0.1582,3.0,9.7,42.0,34.0
0.4091,4.1,9.8,45.0,35.0
0.5146,3.7,6.9,66.0,34.0
0.89109,3.6,9.5,63.0,39.0
0.73434,4.5,8.5,67.0,35.0
0.12955,3.8,9.8,86.0,34.0
0.2921,3.6,8.5,51.0,33.0
0.21198,4.7,7.9,67.0,34.0
0.33608,2.7,9.1,43.0,34.0
0.10155,4.1,7.9,55.0,34.0
0.90074,4.5,9.0,61.0,47.0
0.25581,3.6,9.5,48.0,35.0
0.51655,3.7,8.4,50.0,34.0
0.64801,3.8,5.5,51.0,33.0
0.30228,3.6,9.1,57.0,35.0
0.42744,3.9,9.8,79.0,34.0
0.85888,0.9,8.2,45.0,32.0
0.93919,4.4,6.5,60.0,47.0
0.79675,4.0,8.7,69.0,34.0
0.90553,1.7,8.5,59.0,34.0
0.70821,2.8,9.0,51.0,35.0
0.8883,7.9,5.7,79.0,58.0
0.92848,3.5,7.4,53.0,41.0
0.6332,3.5,8.3,43.0,32.0
0.59193,3.0,8.2,44.0,33.0
0.29328,9.6,7.0,85.0,64.0
0.41722,1.4,8.8,50.0,35.0
0.4561,3.9,9.1,64.0,33.0
0.74411,7.0,8.5,75.0,51.0
0.34201,3.8,8.2,59.0,34.0
0.33208,1.0,7.9,57.0,35.0
0.16586,3.5,9.2,42.0,32.0
0.25895,4.1,7.7,58.0,36.0
0.62204,8.4,5.8,65.0,56.0
0.53531,8.8,6.7,61.0,59.0
0.9471,3.9,5.6,66.0,44.0
0.43737,5.7,9.8,54.0,40.0
0.36137,3.6,9.7,59.0,35.0
0.87541,7.0,8.5,75.0,56.0
0.5172,1.4,9.9,42.0,34.0
0.12011,4.0,6.1,55.0,35.0
0.44383,3.9,6.8,53.0,33.0
0.67041,4.9,10.0,54.0,38.0
0.23605,4.0,9.3,58.0,34.0
0.1608,3.4,7.1,59.0,35.0
0.72041,4.7,9.2,75.0,36.0
0.64817,7.8,6.4,49.0,54.0
0.83279,3.4,9.6,42.0,40.0
0.41068,2.0,8.6,49.0,33.0
0.88644,4.5,9.4,51.0,47.0
0.48199,6.0,6.3,45.0,42.0
0.53372,8.3,6.1,68.0,56.0
0.88162,6.4,7.8,45.0,58.0
0.39146,6.9,8.8,58.0,49.0
0.98776,7.1,7.5,60.0,73.0
0.80795,3.8,6.5,61.0,34.0
0.39896,3.2,8.8,42.0,34.0
0.89161,9.0,8.0,85.0,68.0
0.27653,4.9,5.3,62.0,36.0
0.90389,6.5,9.4,67.0,58.0
0.88197,3.9,6.2,54.0,36.0
0.97232,7.7,7.7,83.0,70.0
0.39292,1.8,8.3,47.0,34.0
0.28958,6.7,10.0,49.0,46.0
0.8693,3.7,9.5,54.0,39.0
0.83527,6.5,9.2,65.0,52.0
0.86386,3.4,7.8,44.0,38.0
0.50608,7.0,8.8,58.0,49.0
0.32658,3.5,5.9,66.0,32.0
0.5589,3.8,5.9,58.0,34.0
0.41558,3.2,6.9,47.0,33.0
0.87523,2.1,5.1,43.0,35.0
0.17801,6.1,6.6,53.0,44.0
0.18011,3.2,9.5,47.0,34.0
0.17543,1.8,9.1,41.0,34.0
0.22922,3.7,7.2,58.0,35.0
0.75407,7.3,9.6,61.0,54.0
0.54546,3.5,9.6,53.0,34.0
0.90465,7.8,8.9,63.0,67.0
0.40084,3.3,9.4,46.0,33.0
0.92439,7.2,7.4,76.0,61.0
0.78796,6.8,9.7,69.0,53.0
0.49019,4.8,8.2,79.0,36.0
0.23128,3.8,8.9,59.0,32.0
0.14741,8.2,6.1,90.0,54.0
0.71147,6.1,7.3,57.0,44.0
0.88405,3.7,6.9,73.0,34.0
0.22428,3.8,10.0,75.0,34.0
0.33893,8.2,5.2,90.0,56.0
0.12845,1.3,9.3,57.0,35.0
0.21619,3.4,9.0,47.0,36.0
0.68971,8.4,8.4,98.0,56.0
0.20834,4.1,9.0,71.0,35.0
0.30071,3.1,5.5,53.0,34.0
0.90507,3.4,9.1,59.0,40.0
0.90524,9.2,7.5,99.0,67.0
0.21859,3.0,9.5,44.0,33.0
0.85324,3.7,7.2,64.0,36.0
0.64246,3.7,8.4,61.0,35.0
0.79608,1.1,9.5,42.0,34.0
0.18488,7.5,6.5,49.0,50.0
0.13434,4.0,6.0,62.0,34.0
0.12042,4.9,5.7,57.0,36.0
0.75161,0.8,9.4,56.0,33.0
0.78882,3.6,8.6,62.0,34.0
